id;omrade;regel;kalla;kontroll;lager;allvar;status;version;senast_kontrollerad
BF01;Grundbokföring;Verifikationen går inte jämnt ut;Bokföringslagen (1999:1078) 5 kap 1 § (löpande bokföring);Summan av debet och kredit per verifikation ska vara noll;1;1;aktiv;1;2026-10-06
BF02;Grundbokföring;Lucka i verifikationsnumreringen;BFNAR 2013:2 Bokföring (obruten nummerserie per verifikationsserie);Nummer saknas mellan lägsta och högsta i en serie;1;2;aktiv;1;2026-10-06
BF03;Grundbokföring;Samma verifikationsnummer används två gånger;Bokföringslagen 5 kap 7 § (verifikationsnummer eller annan identifieringsuppgift);Dubbletter av nummer inom samma serie;1;1;aktiv;1;2026-10-06
BF04;Grundbokföring;Datum utanför räkenskapsåret;Bokföringslagen 3 kap (räkenskapsår) och 5 kap 1 §;Verifikationsdatum före eller efter räkenskapsåret;1;1;aktiv;1;2026-10-06
BF05;Grundbokföring;Konto finns inte i kontoplanen;BFNAR 2013:2 Bokföring (kontoplan), Bokföringslagen 5 kap 1 § (systematisk ordning);Konto i verifikation saknas i filens kontoplan;1;2;aktiv;2;2026-10-06
BF06;Grundbokföring;Verifikation saknar beskrivning;Bokföringslagen 5 kap 7 § (verifikationens innehåll – vad affärshändelsen avser);Tom verifikationstext;1;3;aktiv;1;2026-10-06
BF07;Grundbokföring;Verifikation ändrad i efterhand;Bokföringslagen 5 kap 5 § (rättelse);Rader markerade som tillagda eller borttagna (#RTRANS/#BTRANS) – kontrollera att ändringen dokumenterats;1;3;aktiv;1;2026-10-06
BF08;Grundbokföring;Möjlig dubbelbokning;Bokföringslagen 5 kap 6 § (en verifikation per affärshändelse);Samma text, belopp och kostnadskonto inom 14 dagar (belopp från 10 kr, utom motbokade);1;2;aktiv;1;2026-10-06
BF09;Grundbokföring;Underlag saknas för verifikation;Bokföringslagen 5 kap 6 §;Kräver tillgång till underlag (kvitton, fakturor) – finns inte i SIE-filen;2;1;planerad;1;2026-10-06
BF10;Grundbokföring;Sen bokföring;Bokföringslagen 5 kap 2 § (tidpunkt för bokföring);Registreringsdatum mer än 60 dagar efter verifikationsdatum (om registreringsdatum finns i filen). Företag med omsättning högst 3 mkr får vänta med bokföringen till betalning.;1;3;aktiv;2;2026-10-06
BF11;Grundbokföring;Arkivering;Bokföringslagen 7 kap 2 § (till utgången av sjunde året efter räkenskapsårets slut);Kräver uppgift om arkiv – kan inte prövas ur SIE-filen;3;3;planerad;1;2026-10-06
MO01;Moms;Ingående moms motsvarar ingen enskild momssats;Mervärdesskattelagen (2023:200);Moms/nettokostnad avviker från 25, 12 och 6 % men ligger mellan 6 och 25 % (kan vara blandat kvitto);1;2;aktiv;1;2026-10-06
MO02;Moms;Orimligt momsbelopp;Mervärdesskattelagen (2023:200);Moms/nettokostnad under 6 % eller över 25 %;1;1;aktiv;1;2026-10-06
MO03;Moms;Momsavdrag på kostnad som inte är avdragsgill;Mervärdesskattelagen (2023:200) avdragsrätt, Inkomstskattelagen 16 kap 2 § (representation);Ingående moms i verifikation med bara ej avdragsgilla kostnadskonton (6072, 6992, 7632);1;1;aktiv;1;2026-10-06
MO04;Moms;Utgående moms stämmer inte med försäljningen;Mervärdesskattelagen (2023:200);Utgående moms per momskonto räknas om till underlag och jämförs med försäljningskontona;1;1;aktiv;1;2026-10-06
MO05;Moms;Försäljning utan utgående moms;Mervärdesskattelagen (2023:200);Försäljning på 30xx/31xx utan utgående moms och utan momsfritt konto;1;2;aktiv;1;2026-10-06
MO06;Moms;Försäljningen minskas utan att momsen minskas;Mervärdesskattelagen (2023:200) (kreditering);Debet på försäljningskonto utan motsvarande debet på utgående moms;1;2;aktiv;1;2026-10-06
MO07;Moms;Fjolårets moms inte redovisad;Skatteförfarandelagen (2011:1244) 26 kap (skattedeklaration);Ingående saldon på momskonton 261x–264x som inte förs bort under året;1;1;aktiv;1;2026-10-06
MO08;Moms;Årets moms inte redovisad vid årets slut;Skatteförfarandelagen (2011:1244) 26 kap;Utgående saldon på momskonton 261x–264x för avslutat räkenskapsår;1;1;aktiv;1;2026-10-06
MO09;Moms;Omvänd skattskyldighet går inte jämnt ut;Mervärdesskattelagen (2023:200) (omvänd skattskyldighet);Utgående moms omvänd (2614/2624/2634) ska motsvaras av beräknad ingående moms (2645/2647) i samma verifikation;1;2;aktiv;1;2026-10-06
MO10;Moms;För högt momsavdrag på personbil;Mervärdesskattelagen (2023:200) (personbil: inget avdrag vid köp, 50 % vid leasing);Moms på köp av personbil (1240) eller mer än 50 % av momsen på leasing (5615);1;1;aktiv;1;2026-10-06
MO11;Moms;Momsdeklaration stämmer inte med bokföringen;Skatteförfarandelagen (2011:1244) 26 kap;Ruta 49 i inlämnad momsdeklaration jämförs med momskontona 2610–2649 för perioden, utan momsredovisningsverifikationer;2;1;aktiv;2;2026-10-06
MO12;Moms;Periodisk sammanställning saknas eller avviker;Skatteförfarandelagen (2011:1244) 35 kap;EU-försäljning jämförs med inlämnade periodiska sammanställningar;2;2;planerad;1;2026-10-06
SK01;Skatt;Möjlig privat kostnad;Inkomstskattelagen (1999:1229) 9 kap 2 § (levnadskostnader ej avdragsgilla);Sökord i verifikationstext (Systembolaget, IKEA, Netflix m.fl.) på kostnadskonto;1;3;aktiv;1;2026-10-06
SK02;Skatt;Representation över avdragsgill nivå;Inkomstskattelagen 16 kap 2 §;Kräver antal deltagare – bedöms av AI ur verifikationstext och underlag;3;2;planerad;1;2026-10-06
SK03;Skatt;Ej avdragsgilla kostnader inte återlagda i deklarationen;Inkomstskattelagen 9 kap och 16 kap, inkomstdeklaration INK2;Summan på 6072, 6992, 7632 m.fl. jämförs med INK2S;2;2;planerad;1;2026-10-06
SK04;Skatt;Leverantör saknar F-skatt;Skatteförfarandelagen 10 kap (skatteavdrag och F-skatt);Leverantörer kontrolleras mot Skatteverkets register;2;2;planerad;1;2026-10-06
SK05;Skatt;Skattekontot stämmer inte med bokföringen;Skatteförfarandelagen 61 kap (skattekonto);Skattekontots saldo enligt Skatteverket jämförs med konto 1630 på samma datum (uppgift som användaren fyller i);2;1;aktiv;2;2026-10-06
LO01;Lön;Lön utan skatteavdrag;Skatteförfarandelagen 10 kap (skatteavdrag);Lönekonto 70xx–72xx (utom förändring semesterlöneskuld) utan personalskatt 2710 i samma verifikation;1;2;aktiv;1;2026-10-06
LO02;Lön;Arbetsgivaravgift avviker;Socialavgiftslagen (2000:980): 31,42 %, 10,21 % för födda 1938–1958, 20,81 % för unga (födda 2003–2007) på lön upp till 25 000 kr/mån 1 apr 2026–30 sep 2027;Arbetsgivaravgift/lön avviker från 31,42 % (full avgift) och 10,21 % (äldre). Kontrollera om annan nedsättning gäller, t.ex. för unga.;1;2;aktiv;2;2026-10-06
LO03;Lön;Semesterlöneskuld saknas vid bokslut;BFNAR 2016:10 (K2) – skulder vid balansdagen;Löner bokförda under avslutat år men inget saldo på 2920;1;3;aktiv;1;2026-10-06
LO04;Lön;Arbetsgivardeklaration stämmer inte med bokföringen;Skatteförfarandelagen 26 kap;AGI per månad jämförs med lön, skatteavdrag och avgifter;2;1;planerad;1;2026-10-06
LO05;Lön;Förmåner inte redovisade;Inkomstskattelagen 61 kap (förmåner);Förmånskostnader (7380–7389) jämförs med AGI;2;2;planerad;1;2026-10-06
AV01;Avskrivningar;Avskrivningar saknas;Inkomstskattelagen 18 kap, BFNAR 2016:10 (K2) avskrivning;Inventarier finns men inga avskrivningar (78xx) bokförda under året;1;1;aktiv;1;2026-10-06
AV02;Avskrivningar;Avskrivning räknad på belopp inklusive avdragen moms;BFNAR 2016:10 (K2) anskaffningsvärde, Mervärdesskattelagen;Månadsavskrivning × vanlig livslängd stämmer med bruttobeloppet men inte med nettobeloppet;1;2;aktiv;1;2026-10-06
AV03;Avskrivningar;Kostnadsförd inventarie över halvt prisbasbelopp;Inkomstskattelagen 18 kap 4 § (inventarier av mindre värde);Rad på 5400–5419 större än halvt prisbasbelopp (2026: 29 600 kr);1;2;aktiv;1;2026-10-06
BA01;Bank och kassa;Negativt saldo på kassa eller bank;Bokföringslagen 5 kap 1 §;Löpande saldo på 19xx blir negativt;1;1;aktiv;1;2026-10-06
BA02;Bank och kassa;Bankkonto med saldo som inte används;Bokföringslagen 5 kap 1 §;Bankkonto med ingående saldo utan transaktioner medan ett annat bankkonto används;1;2;aktiv;1;2026-10-06
BA03;Bank och kassa;Banksaldot stämmer inte med kontoutdraget;Bokföringslagen 5 kap 1 §;Bankens saldo enligt kontoutdraget jämförs med 19xx på samma datum (uppgift som användaren fyller i);2;1;aktiv;2;2026-10-06
BA04;Bank och kassa;Kassaregister;Skatteförfarandelagen 39 kap (kassaregister);Kontantförsäljning jämförs med Z-rapporter;2;2;planerad;1;2026-10-06
AB01;Aktiebolag;Eget kapital under halva aktiekapitalet;Aktiebolagslagen (2005:551) 25 kap 13 § (kontrollbalansräkning);Eget kapital inklusive årets resultat jämförs med halva registrerade aktiekapitalet;1;1;aktiv;1;2026-10-06
AB02;Aktiebolag;Fordran på aktieägare eller närstående;Aktiebolagslagen 21 kap (förbjudna lån);Saldo på fordringskonto för delägare eller närstående (t.ex. 1685);1;2;aktiv;1;2026-10-06
AB03;Aktiebolag;Fjolårets resultat inte disponerat;Aktiebolagslagen 7 kap 11 § (årsstämmans beslut om vinst eller förlust);Ingående saldo på 2099 Årets resultat ligger kvar i nytt år;1;3;aktiv;1;2026-10-06
AB04;Aktiebolag;Utdelning större än fritt eget kapital;Aktiebolagslagen 17 kap 3 § (försiktighetsregeln) och 18 kap;Bokförd utdelning jämförs med fritt eget kapital enligt fastställd balansräkning;2;1;planerad;1;2026-10-06
BO01;Bokslut;Bokslutet stämmer inte med bokföringen;Årsredovisningslagen (1995:1554), BFNAR 2016:10 (K2);Årets resultat enligt årsredovisningen jämförs med resultatkontona 3000–8999 (utom 8999);2;1;aktiv;2;2026-10-06
BO02;Bokslut;Fjolårets utgående balans ≠ årets ingående balans;Bokföringslagen 5 kap 1 §;Två års SIE-filer jämförs konto för konto;2;1;planerad;1;2026-10-06
BO03;Bokslut;Periodiseringar saknas;BFNAR 2016:10 (K2) – gränsbelopp 7 000 kr för räkenskapsår som börjar efter 31 dec 2025;Återkommande kostnader och intäkter kring balansdagen bedöms;3;2;planerad;1;2026-10-06
BO04;Bokslut;Kund- och leverantörsreskontra stämmer inte med huvudboken;Bokföringslagen 5 kap 1 §;Reskontralistor jämförs med 1510 och 2440;2;2;planerad;1;2026-10-06
BO05;Bokslut;Årsredovisning inte inlämnad i tid;Årsredovisningslagen 8 kap 3 §;Kontroll mot Bolagsverket;2;2;planerad;1;2026-10-06
BF12;Grundbokföring;Kontant betalning bokförd för sent;Bokföringslagen 5 kap 2 § (kontanta in- och utbetalningar senast påföljande arbetsdag), BFNAR 2013:2 punkt 3.1;Kassaposter (1910) registrerade mer än tre dagar efter betalningen;1;2;aktiv;1;2026-10-06
MO13;Moms;Blandad verksamhet – momsavdraget ska fördelas;Mervärdesskattelagen (2023:200) 13 kap 29 § (avdrag bara för den del som hör till verksamhet med avdragsrätt,  annars fördelning efter skälig grund);Både momsfri och momspliktig försäljning under året samtidigt som ingående moms dras av;1;2;aktiv;1;2026-10-06
SK06;Skatt;Ränteavdraget kan vara begränsat;Inkomstskattelagen 24 kap 24 § (negativt räntenetto: högst 30 % av skattemässigt EBITDA,  förenklingsregel 5 000 000 kr per intressegemenskap), Skatteverket Ränteutgifter (uppdaterad 2026-07-16);Negativt räntenetto (ränteutgifter 84xx utom skattekontoränta minus ränteintäkter 83xx) över 5 000 000 kr;1;2;aktiv;1;2026-10-06
SK07;Skatt;Ej avdragsgilla kostnader att återföra i deklarationen;Skatteverket avdragslexikon: kostnadsränta på skattekontot, förseningsavgifter, skattetillägg och böter är inte avdragsgilla,  BAS-kontonas "ej avdragsgill";Summa per konto av kostnader som inte är avdragsgilla och ska läggas tillbaka i inkomstdeklarationen;1;3;aktiv;1;2026-10-06
SK08;Skatt;Periodiseringsfond som ska återföras, och schablonintäkt;Inkomstskattelagen 30 kap (återföring senast sjätte beskattningsåret efter avsättningen,  schablonintäkt 30 kap 6 a §), Skatteverket belopp och procent: statslåneräntan 1,96 % (beskattningsår 2025), 2,55 % (2026);Periodiseringsfonder per avsättningsår och deras ingående saldo;1;1;aktiv;1;2026-10-06
SK09;Skatt;Bolagsskatt saknas trots vinst;Inkomstskattelagen 65 kap (bolagsskatt 20,6 %), BFNAR 2016:10 (K2) skatt på årets resultat;Bokslutet är bokat, resultatet före skatt är positivt men ingen skatt (89xx) är bokförd;1;2;aktiv;1;2026-10-06
FA01;Fastighet;Fastighetsskatt eller fastighetsavgift saknas;Lagen (1984:1052) om statlig fastighetsskatt och lagen (2007:1398) om kommunal fastighetsavgift (ägaren vid årets ingång betalar), Skatteverket 2026: lokaler 1,0 %, bostadslägenhet 0,3 % högst 1 784 kr;Byggnader eller mark (11xx) i balansräkningen men ingen kostnad för fastighetsskatt/fastighetsavgift under ett avslutat år;1;2;aktiv;1;2026-10-06
AV04;Avskrivningar;Byggnader utan avskrivning;Inkomstskattelagen 19 kap (värdeminskningsavdrag på byggnader), BFNAR 2016:10 (K2) – materiella anläggningstillgångar skrivs av systematiskt;Byggnader (1110–1118) i balansräkningen men ingen avskrivning under ett avslutat år;1;2;aktiv;1;2026-10-06
AV05;Avskrivningar;Avskrivning på mark;Inkomstskattelagen 19 kap och BFNAR 2016:10 (K2) – mark skrivs inte av;Avskrivning bokförd mot markkonto (1130–1139);1;1;aktiv;1;2026-10-06
BO06;Bokslut;Bokslutet är inte bokfört;Bokföringslagen 6 kap (årsbokslut/årsredovisning), Årsredovisningslagen 8 kap 3 och 6 §§ (inlämning,  förseningsavgift om handlingarna inte kommit in inom sju månader – 7 500 kr för privat aktiebolag, räkenskapsår som börjar efter 31 dec 2024, SFS 2024:1115);Mer än sex månader efter räkenskapsårets slut finns inget årets resultat bokfört (8999) trots att resultatet inte är noll;1;1;aktiv;1;2026-10-06
BO07;Bokslut;Kontantmetoden används trots för hög omsättning;Bokföringslagen 5 kap 2 § tredje stycket (kontantmetoden bara om nettoomsättningen normalt är högst 3 miljoner kr);Nettoomsättning över 3 000 000 kr men inga kundfordringar eller leverantörsskulder bokförda;1;2;aktiv;1;2026-10-06
BO08;Bokslut;Balanskonto med orimligt tecken vid årets slut;Bokföringslagen 5 kap 1 §, rimlighetsbedömning av tillgångar och skulder enligt god redovisningssed (Srf/FAR:s standard för redovisningsuppdrag, Reko/Rex – tolkning);Kundfordringar med kreditsaldo, leverantörsskulder eller personalskatt med debetsaldo vid räkenskapsårets slut;1;2;aktiv;1;2026-10-06
BO09;Bokslut;Oklara poster kvar vid årets slut;Bokföringslagen 5 kap 1 § och 6 kap (bokslutet ska bygga på utredda poster), god redovisningssed (Reko/Rex – tolkning);Konto som enligt sitt namn är till för oklara eller outredda poster har saldo vid räkenskapsårets slut;1;2;aktiv;1;2026-10-06
AB05;Aktiebolag;Revisor kan krävas;Aktiebolagslagen 9 kap 1 § (revisor krävs om mer än ett av: fler än 3 anställda, balansomslutning över 1,5 mkr, nettoomsättning över 3 mkr – vart och ett av de två senaste räkenskapsåren,  gränserna oförändrade sedan 2010);Balansomslutning över 1,5 mkr och nettoomsättning över 3 mkr under året;1;3;aktiv;1;2026-10-06
AB06;Aktiebolag;K2 får kanske inte användas (större företag);Årsredovisningslagen 1 kap 3 § (större företag: mer än ett av 50 anställda, 40 mkr balansomslutning, 80 mkr nettoomsättning två år i rad), BFNAR 2016:10 (K2 bara för mindre företag);Balansomslutning över 40 mkr och nettoomsättning över 80 mkr;1;3;aktiv;1;2026-10-06
AB07;Aktiebolag;Utdelning större än fritt eget kapital;Aktiebolagslagen 17 kap 3 § (beloppsspärren och försiktighetsregeln) och 18 kap;Beslutad utdelning (2898) jämförd med fritt eget kapital vid årets början;1;1;aktiv;1;2026-10-06
